<?xml version="1.0" encoding="utf-8"?>
<BindingInfo xmlns:xsi="http://www.w3.org/2001/XMLSchema-instance" xmlns:xsd="http://www.w3.org/2001/XMLSchema" Assembly="Microsoft.BizTalk.Deployment, Version=3.0.1.0, Culture=neutral, PublicKeyToken=31bf3856ad364e35" Version="3.5.1.0" BindingStatus="FullyBound" BoundEndpoints="3" TotalEndpoints="3">
  <Timestamp>2019-07-26T17:00:48.1803752+05:30</Timestamp>
  <ModuleRefCollection>
    <ModuleRef Name="[Application:Timewave.BizTalkUnit.Sample]" Version="" Culture="" PublicKeyToken="" FullName="[Application:Timewave.BizTalkUnit.Sample], Version=, Culture=, PublicKeyToken=">
      <Services />
      <TrackedSchemas>
        <Schema FullName="Timewave.BizTalkUnit.Sample.Schemas.SourceSchema" RootName="CustomerOrder" AssemblyQualifiedName="Timewave.BizTalkUnit.Sample.Schemas.SourceSchema,Timewave.BizTalkUnit.Sample, Version=1.0.0.0, Culture=neutral, PublicKeyToken=411c74d9d7fab671" AlwaysTrackAllProperties="false">
          <TrackedPropertyNames />
        </Schema>
        <Schema FullName="Timewave.BizTalkUnit.Sample.Schemas.SummarySchema" RootName="CustomerSummary" AssemblyQualifiedName="Timewave.BizTalkUnit.Sample.Schemas.SummarySchema,Timewave.BizTalkUnit.Sample, Version=1.0.0.0, Culture=neutral, PublicKeyToken=411c74d9d7fab671" AlwaysTrackAllProperties="false">
          <TrackedPropertyNames />
        </Schema>
        <Schema FullName="Timewave.BizTalkUnit.Sample.Schemas.PickListSchema" RootName="PickList" AssemblyQualifiedName="Timewave.BizTalkUnit.Sample.Schemas.PickListSchema,Timewave.BizTalkUnit.Sample, Version=1.0.0.0, Culture=neutral, PublicKeyToken=411c74d9d7fab671" AlwaysTrackAllProperties="false">
          <TrackedPropertyNames />
        </Schema>
      </TrackedSchemas>
    </ModuleRef>
    <ModuleRef Name="Timewave.BizTalkUnit.Sample" Version="1.0.0.0" Culture="neutral" PublicKeyToken="411c74d9d7fab671" FullName="Timewave.BizTalkUnit.Sample, Version=1.0.0.0, Culture=neutral, PublicKeyToken=411c74d9d7fab671">
      <Services>
        <Service Name="Timewave.BizUnit.Sample.ProcessOrder" State="Started" TrackingOption="ServiceStartEnd" AnalyticsEnabled="false" Description="">
          <Ports>
            <Port Name="OrderPort" Modifier="2" BindingOption="1">
              <SendPortRef xsi:nil="true" />
              <DistributionListRef xsi:nil="true" />
              <ReceivePortRef Name="OrderPort" />
            </Port>
            <Port Name="SummaryPort" Modifier="1" BindingOption="1">
              <SendPortRef Name="SummaryPort" />
              <DistributionListRef xsi:nil="true" />
              <ReceivePortRef xsi:nil="true" />
            </Port>
            <Port Name="PickListPort" Modifier="1" BindingOption="1">
              <SendPortRef Name="PickList" />
              <DistributionListRef xsi:nil="true" />
              <ReceivePortRef xsi:nil="true" />
            </Port>
          </Ports>
          <Roles />
          <Host Name="BizTalkServerApplication" NTGroupName="BizTalk Application Users" Type="1" Trusted="true" />
        </Service>
      </Services>
      <TrackedSchemas />
    </ModuleRef>
  </ModuleRefCollection>
  <SendPortCollection>
    <SendPort Name="SummaryPort" IsStatic="true" IsTwoWay="false" BindingOption="1" AnalyticsEnabled="false">
      <Description xsi:nil="true" />
      <TransmitPipeline Name="Microsoft.BizTalk.DefaultPipelines.PassThruTransmit" FullyQualifiedName="Microsoft.BizTalk.DefaultPipelines.PassThruTransmit, Microsoft.BizTalk.DefaultPipelines, Version=3.0.1.0, Culture=neutral, PublicKeyToken=31bf3856ad364e35" Type="2" TrackingOption="ServiceStartEnd MessageSendReceive PipelineEvents" Description="" />
      <PrimaryTransport>
        <Address>C:\Users\amigupta7\Desktop\Amit\Project\POC\Timewave.BizUnit.Sample\Testing\Summary\Summary_%MessageID%.xml</Address>
        <TransportType Name="FILE" Capabilities="11" ConfigurationClsid="5e49e3a6-b4fc-4077-b44c-22f34a242fdb" />
        <TransportTypeData>&lt;CustomProps&gt;&lt;UseTempFileOnWrite vt="11"&gt;0&lt;/UseTempFileOnWrite&gt;&lt;AllowCacheOnWrite vt="11"&gt;0&lt;/AllowCacheOnWrite&gt;&lt;CopyMode vt="19"&gt;1&lt;/CopyMode&gt;&lt;FileName vt="8"&gt;Summary_%MessageID%.xml&lt;/FileName&gt;&lt;/CustomProps&gt;</TransportTypeData>
        <RetryCount>3</RetryCount>
        <RetryInterval>5</RetryInterval>
        <ServiceWindowEnabled>false</ServiceWindowEnabled>
        <FromTime>2019-07-22T18:30:00</FromTime>
        <ToTime>2019-07-23T18:29:59</ToTime>
        <Primary>true</Primary>
        <OrderedDelivery>false</OrderedDelivery>
        <DeliveryNotification>1</DeliveryNotification>
        <SendHandler Name="BizTalkServerApplication" HostTrusted="true">
          <TransportType Name="FILE" Capabilities="11" ConfigurationClsid="5e49e3a6-b4fc-4077-b44c-22f34a242fdb" />
        </SendHandler>
      </PrimaryTransport>
      <SecondaryTransport>
        <Address />
        <RetryCount>3</RetryCount>
        <RetryInterval>5</RetryInterval>
        <ServiceWindowEnabled>false</ServiceWindowEnabled>
        <FromTime>2019-07-22T18:30:00</FromTime>
        <ToTime>2019-07-23T18:29:59</ToTime>
        <Primary>false</Primary>
        <OrderedDelivery>false</OrderedDelivery>
        <DeliveryNotification>1</DeliveryNotification>
        <SendHandler xsi:nil="true" />
      </SecondaryTransport>
      <ReceivePipelineData xsi:nil="true" />
      <Tracking>0</Tracking>
      <Filter />
      <Transforms />
      <OrderedDelivery>false</OrderedDelivery>
      <Priority>5</Priority>
      <StopSendingOnFailure>false</StopSendingOnFailure>
      <RouteFailedMessage>false</RouteFailedMessage>
      <ApplicationName>Timewave.BizTalkUnit.Sample</ApplicationName>
    </SendPort>
    <SendPort Name="PickList" IsStatic="true" IsTwoWay="false" BindingOption="1" AnalyticsEnabled="false">
      <Description xsi:nil="true" />
      <TransmitPipeline Name="Microsoft.BizTalk.DefaultPipelines.PassThruTransmit" FullyQualifiedName="Microsoft.BizTalk.DefaultPipelines.PassThruTransmit, Microsoft.BizTalk.DefaultPipelines, Version=3.0.1.0, Culture=neutral, PublicKeyToken=31bf3856ad364e35" Type="2" TrackingOption="ServiceStartEnd MessageSendReceive PipelineEvents" Description="" />
      <PrimaryTransport>
        <Address>C:\Users\amigupta7\Desktop\Amit\Project\POC\Timewave.BizUnit.Sample\Testing\Picklist\PickList_%MessageID%.xml</Address>
        <TransportType Name="FILE" Capabilities="11" ConfigurationClsid="5e49e3a6-b4fc-4077-b44c-22f34a242fdb" />
        <TransportTypeData>&lt;CustomProps&gt;&lt;UseTempFileOnWrite vt="11"&gt;0&lt;/UseTempFileOnWrite&gt;&lt;AllowCacheOnWrite vt="11"&gt;0&lt;/AllowCacheOnWrite&gt;&lt;CopyMode vt="19"&gt;1&lt;/CopyMode&gt;&lt;FileName vt="8"&gt;PickList_%MessageID%.xml&lt;/FileName&gt;&lt;/CustomProps&gt;</TransportTypeData>
        <RetryCount>3</RetryCount>
        <RetryInterval>5</RetryInterval>
        <ServiceWindowEnabled>false</ServiceWindowEnabled>
        <FromTime>2019-07-22T18:30:00</FromTime>
        <ToTime>2019-07-23T18:29:59</ToTime>
        <Primary>true</Primary>
        <OrderedDelivery>false</OrderedDelivery>
        <DeliveryNotification>1</DeliveryNotification>
        <SendHandler Name="BizTalkServerApplication" HostTrusted="true">
          <TransportType Name="FILE" Capabilities="11" ConfigurationClsid="5e49e3a6-b4fc-4077-b44c-22f34a242fdb" />
        </SendHandler>
      </PrimaryTransport>
      <SecondaryTransport>
        <Address />
        <RetryCount>3</RetryCount>
        <RetryInterval>5</RetryInterval>
        <ServiceWindowEnabled>false</ServiceWindowEnabled>
        <FromTime>2019-07-22T18:30:00</FromTime>
        <ToTime>2019-07-23T18:29:59</ToTime>
        <Primary>false</Primary>
        <OrderedDelivery>false</OrderedDelivery>
        <DeliveryNotification>1</DeliveryNotification>
        <SendHandler xsi:nil="true" />
      </SecondaryTransport>
      <ReceivePipelineData xsi:nil="true" />
      <Tracking>0</Tracking>
      <Filter />
      <Transforms />
      <OrderedDelivery>false</OrderedDelivery>
      <Priority>5</Priority>
      <StopSendingOnFailure>false</StopSendingOnFailure>
      <RouteFailedMessage>false</RouteFailedMessage>
      <ApplicationName>Timewave.BizTalkUnit.Sample</ApplicationName>
    </SendPort>
  </SendPortCollection>
  <DistributionListCollection />
  <ReceivePortCollection>
    <ReceivePort Name="OrderPort" IsTwoWay="false" BindingOption="1" AnalyticsEnabled="false">
      <Description xsi:nil="true" />
      <ReceiveLocations>
        <ReceiveLocation Name="OrderRL">
          <Description xsi:nil="true" />
          <Address>C:\Users\amigupta7\Desktop\Amit\Project\POC\Timewave.BizUnit.Sample\Testing\Order\Order*.xml</Address>
          <PublicAddress />
          <Primary>true</Primary>
          <ReceiveLocationServiceWindowEnabled>false</ReceiveLocationServiceWindowEnabled>
          <ReceiveLocationFromTime>2019-07-22T18:30:00</ReceiveLocationFromTime>
          <ReceiveLocationToTime>2019-07-23T18:29:59</ReceiveLocationToTime>
          <ReceiveLocationStartDateEnabled>false</ReceiveLocationStartDateEnabled>
          <ReceiveLocationStartDate>2019-07-22T18:30:00</ReceiveLocationStartDate>
          <ReceiveLocationEndDateEnabled>false</ReceiveLocationEndDateEnabled>
          <ReceiveLocationEndDate>2019-07-23T18:30:00</ReceiveLocationEndDate>
          <ReceiveLocationTransportType Name="FILE" Capabilities="11" ConfigurationClsid="5e49e3a6-b4fc-4077-b44c-22f34a242fdb" />
          <ReceiveLocationTransportTypeData>&lt;CustomProps&gt;&lt;RenameReceivedFiles vt="11"&gt;0&lt;/RenameReceivedFiles&gt;&lt;RemoveReceivedFileDelay vt="19"&gt;10&lt;/RemoveReceivedFileDelay&gt;&lt;RemoveReceivedFileMaxInterval vt="19"&gt;300000&lt;/RemoveReceivedFileMaxInterval&gt;&lt;FileMask vt="8"&gt;Order*.xml&lt;/FileMask&gt;&lt;FileNetFailRetryInt vt="19"&gt;5&lt;/FileNetFailRetryInt&gt;&lt;RemoveReceivedFileRetryCount vt="19"&gt;5&lt;/RemoveReceivedFileRetryCount&gt;&lt;BatchSizeInBytes vt="19"&gt;102400&lt;/BatchSizeInBytes&gt;&lt;PollingInterval vt="19"&gt;60000&lt;/PollingInterval&gt;&lt;FileNetFailRetryCount vt="19"&gt;5&lt;/FileNetFailRetryCount&gt;&lt;BatchSize vt="19"&gt;20&lt;/BatchSize&gt;&lt;/CustomProps&gt;</ReceiveLocationTransportTypeData>
          <ReceivePipeline Name="Microsoft.BizTalk.DefaultPipelines.XMLReceive" FullyQualifiedName="Microsoft.BizTalk.DefaultPipelines.XMLReceive, Microsoft.BizTalk.DefaultPipelines, Version=3.0.1.0, Culture=neutral, PublicKeyToken=31bf3856ad364e35" Type="1" TrackingOption="ServiceStartEnd MessageSendReceive PipelineEvents" Description="" />
          <ReceivePipelineData xsi:nil="true" />
          <SendPipeline xsi:nil="true" />
          <SendPipelineData xsi:nil="true" />
          <Enable>true</Enable>
          <ReceiveHandler Name="BizTalkServerApplication" HostTrusted="true">
            <TransportType Name="FILE" Capabilities="11" ConfigurationClsid="5e49e3a6-b4fc-4077-b44c-22f34a242fdb" />
          </ReceiveHandler>
          <ScheduleRecurrenceType>None</ScheduleRecurrenceType>
          <ScheduleRecurenceFrom>2019-07-26T00:00:00</ScheduleRecurenceFrom>
          <ScheduleRecurrenceInterval>1</ScheduleRecurrenceInterval>
          <ScheduleDaysOfWeek>None</ScheduleDaysOfWeek>
          <ScheduleMonths>None</ScheduleMonths>
          <ScheduleMonthDays>None</ScheduleMonthDays>
          <ScheduleOrdinalDayOfWeek>None</ScheduleOrdinalDayOfWeek>
          <ScheduleOrdinalType>None</ScheduleOrdinalType>
          <ScheduleIsOrdinal>false</ScheduleIsOrdinal>
          <ScheduleLastDayOfMonth>false</ScheduleLastDayOfMonth>
          <ScheduleAutoAdjustToDaylightSaving>true</ScheduleAutoAdjustToDaylightSaving>
          <ScheduleTimeZone>UTC</ScheduleTimeZone>
        </ReceiveLocation>
      </ReceiveLocations>
      <SendPipelineData xsi:nil="true" />
      <Authentication>0</Authentication>
      <Tracking>0</Tracking>
      <Transforms />
      <RouteFailedMessage>false</RouteFailedMessage>
      <ApplicationName>Timewave.BizTalkUnit.Sample</ApplicationName>
    </ReceivePort>
  </ReceivePortCollection>
  <PartyCollection xsi:nil="true" />
</BindingInfo>